{
  "is_resilient_is_post_2022": -6.295792463773196,
  "is_post_2022_slr_exposure_pct": -0.5137067277656524,
  "is_resilient_is_post_2022_slr_exposure_pct": 0.6633429199023123,
  "term_premium": 4.4382450475092385
}